{
	"class_name" : "PinholeCameraParameters",
	"extrinsic" : 
	[
		1.0,
		-0.0,
		-0.0,
		0.0,
		0.0,
		-1.0,
		-0.0,
		0.0,
		0.0,
		-0.0,
		-1.0,
		0.0,
		9.1643750667572021,
		32.451519966125517,
		61.76520709231994,
		1.0
	],
	"intrinsic" : 
	{
		"height" : 1176,
		"intrinsic_matrix" : 
		[
			1018.4458748504999,
			0.0,
			0.0,
			0.0,
			1018.4458748504999,
			0.0,
			927.0,
			587.5,
			1.0
		],
		"width" : 1855
	},
	"version_major" : 1,
	"version_minor" : 0
}