{
	"class_name" : "PinholeCameraParameters",
	"extrinsic" : 
	[
		0.99955021902435737,
		-0.00055780145296684689,
		-0.029984137571359634,
		0.0,
		0.00079168551354763278,
		-0.99898775449152655,
		0.044975989261219818,
		0.0,
		-0.029978873934936097,
		-0.044979497924240879,
		-0.99853798720132658,
		0.0,
		0.83060302197035352,
		19.954522397227851,
		60.435850304853922,
		1.0
	],
	"intrinsic" : 
	{
		"height" : 1028,
		"intrinsic_matrix" : 
		[
			890.27411509040303,
			0.0,
			0.0,
			0.0,
			890.27411509040303,
			0.0,
			813.5,
			513.5,
			1.0
		],
		"width" : 1628
	},
	"version_major" : 1,
	"version_minor" : 0
}