{
	"class_name" : "PinholeCameraParameters",
	"extrinsic" : 
	[
		0.99992808408009104,
		-0.00097046763730183243,
		0.01195344554860291,
		0.0,
		-0.0012214748914129733,
		-0.99977853270190675,
		0.021009368089316447,
		0.0,
		0.011930409339503508,
		-0.021022458014887089,
		-0.99970781811087406,
		0.0,
		0.26153791838551754,
		17.660536185278083,
		44.287535372422226,
		1.0
	],
	"intrinsic" : 
	{
		"height" : 1080,
		"intrinsic_matrix" : 
		[
			935.30743608719376,
			0.0,
			0.0,
			0.0,
			935.30743608719376,
			0.0,
			927.0,
			539.5,
			1.0
		],
		"width" : 1855
	},
	"version_major" : 1,
	"version_minor" : 0
}