{
	"class_name" : "PinholeCameraParameters",
	"extrinsic" : 
	[
		0.99983833154015,
		-0.00052143370297418707,
		0.017973282669072513,
		0.0,
		-0.0013834976834145795,
		-0.99884711564668061,
		0.047984638150837394,
		0.0,
		0.017927540745148681,
		-0.0480017465432271,
		-0.99868635497418856,
		0.0,
		1.9270389643402581,
		10.163052710093197,
		23.991466767231422,
		1.0
	],
	"intrinsic" : 
	{
		"height" : 1080,
		"intrinsic_matrix" : 
		[
			935.30743608719376,
			0.0,
			0.0,
			0.0,
			935.30743608719376,
			0.0,
			927.0,
			539.5,
			1.0
		],
		"width" : 1855
	},
	"version_major" : 1,
	"version_minor" : 0
}